# Id, y
10000,-66.0024234902312941
10001,451.4065044011546206
10002,-461.6764170602989452
10003, 40.5012087537230556
10004,-126.7447224540369319
10005,-342.5345518192507370
10006,-396.5555421135892402
10007,335.5412790790871895
10008,-99.5124208706235294
10009,304.8125398062757654
10010, 68.8945304897852537
10011,412.3691954559074588
10012, 54.9423710247681001
10013,-17.0055507547798257
10014,-597.8499575722605641
10015,443.5022887864146242
10016,144.7744869780435977
10017,-57.4111636725363965
10018,134.3878275774605697
10019,-108.9837759891087785
10020,153.8248284250669258
10021,611.7359836022019408
10022,588.3896503384216885
10023,-131.0167999580198739
10024,-61.1356211412295210
10025,-374.2484953169724236
10026, 74.1579930796541333
10027,137.4383787361043403
10028,420.0866117967902937
10029,196.7656257134426028
10030,268.4428498005318602
10031,638.4749102511086676
10032,127.3787313869195401
10033,  1.3491187583999176
10034, 22.7104531774080201
10035,342.2395345225644974
10036,307.7039669741717489
10037,348.1382087009395150
10038,-168.6528613073543283
10039,-20.2211309046173895
10040,-551.7499275731113357
10041,-429.9718040667398782
10042,261.8919587067440489
10043,389.8204261292210617
10044,-96.1656222735655035
10045,-210.7108012563240891
10046,278.8818687840110329
10047,-427.4533010310489658
10048,-172.9032529175668742
10049,467.2643783557857660
10050,-631.5587355874387185
10051,-355.5316593381782013
10052,143.1732755386038889
10053, 69.1992025989421364
10054,275.5882739767253042
10055,-263.1886122041024123
10056,167.4983072324127704
10057,104.5778958901426421
10058,230.0700866100754638
10059, 20.9880266445766424
10060, -4.8225812625020481
10061,-201.9229408106371579
10062,560.0639265657699752
10063, 55.2884762524491080
10064,671.3015746918342757
10065,-493.7487382852283986
10066,-279.3530367325919315
10067,-53.7125276131480476
10068,379.6981955009753165
10069,315.0714108579811636
10070,169.1300173261430189
10071,-271.5993032690112727
10072,783.8022226750338177
10073, 44.5773115155484234
10074, 57.4067800545774958
10075,-161.0782741430676595
10076,-220.6695784788574031
10077,223.2412944292918553
10078,352.6655955437539092
10079, 13.1632913662655753
10080,-461.9941469857307084
10081,305.3721466914232110
10082,-230.5965617386109443
10083,359.0744432425437935
10084,-430.2605633759210377
10085,-115.5488220554617698
10086,-88.9600638786737932
10087,-488.2901898080414753
10088,-139.3503385471354932
10089, 57.3388081085267771
10090,-190.3362427216641777
10091, -6.5080929148246653
10092,189.2910777470181074
10093,346.6036781856549851
10094,871.6273206485894889
10095,-147.0135373865384452
10096,443.4899377794298516
10097,-30.4984329744369447
10098,185.4634575344593941
10099,-119.9171715173280290
10100, 43.5752380018073850
10101, 58.3185715522446273
10102,-197.1524682983977073
10103,-70.4716067884123305
10104,-342.8460532886674628
10105,-29.2335898737169160
10106, 49.5229292961036762
10107,-16.2461441379129710
10108, 33.7750692616070225
10109,-68.8830774832413937
10110, 25.8633994936967540
10111,-617.3142842716949872
10112,-185.9044130119490319
10113,323.7831061093862104
10114,-35.6621957221276773
10115,-733.5297711613832234
10116,-240.7385626473611069
10117,-381.9731466242487841
10118, 75.3199446216949440
10119, 36.6103264591178359
10120,-28.7562702250230089
10121,-481.1606279685880168
10122,408.8502304229883748
10123,-765.0217471991628599
10124,178.0726965163704563
10125, -7.6498793856732803
10126,134.7968462337589415
10127,-477.4585142128698294
10128,-248.7062530132359370
10129,-361.8846572238633144
10130,-18.7556117485543794
10131,  7.7956043744344399
10132,-109.1059897253835373
10133,-63.0737452421941285
10134,591.8231837349155740
10135,259.6126336966276540
10136,-279.8658320087675406
10137, 93.2253594005183714
10138,-427.2873154191353251
10139, 84.3865663308979492
10140,-311.5446306441550632
10141, 11.4192686125614031
10142,-297.8314684235852496
10143,-331.9289709686429433
10144,656.0132305257302505
10145,-476.6626813650533450
10146,361.1940451337744094
10147,-150.1852686119229361
10148,299.9467190243238974
10149,-191.7214321927077094
10150,151.9499951161205331
10151,-64.6727578157644274
10152,351.2448616306334657
10153,-370.6364457562722237
10154,349.2249817861110728
10155,273.5246096168012855
10156,783.1971843196869258
10157,-124.2378897357401115
10158,-155.2200443299081201
10159,-506.9556493864100730
10160,201.6932123856152543
10161,-415.1740571596360496
10162,-348.1651051695648107
10163,-201.9522410868094653
10164,-658.9504470533370295
10165,179.3464016817152356
10166,124.0692581616871735
10167,-209.1502535520180004
10168,213.7051347740056144
10169,-82.1172102380892142
10170,-97.1102698972682958
10171,124.2680057464802843
10172, 50.2899156571427639
10173,538.7439592813364015
10174,630.0175345543368621
10175,217.2592778265440074
10176,-491.7337413267074453
10177,-131.1417511388327739
10178,362.3930224172940484
10179,-14.3630380554082606
10180,-30.2617573616764801
10181,-107.3235807672991484
10182,-334.0625929296717231
10183,299.5063996464324987
10184,-103.4722148450532018
10185,179.8204994671941392
10186,122.2007088790068252
10187, 86.5803716169063193
10188,386.4825605669917650
10189,-613.3611745045820953
10190,-269.8163873834624269
10191,260.7314512622857592
10192,-44.6201612804270766
10193,-159.1571757641686986
10194,-145.2455987935751409
10195,447.2282148760009477
10196,476.3569859695944615
10197,121.7942134532723770
10198, -1.5356790561065810
10199,410.7440965387809229
10200, 90.8280997996474895
10201,150.0733695684511986
10202, 24.0336529615469701
10203,273.8866340536300186
10204,-154.5292603802507188
10205, 42.5889015070655574
10206,617.3417063168560617
10207, 38.9393607614294623
10208,-91.4361011949043387
10209,225.3532747739109254
10210,151.0582757708563122
10211,-86.9166477364599359
10212,-101.7178895800730203
10213,161.9377650260552741
10214,357.8704141035451585
10215, 32.1459781865541956
10216,-379.1453992002920472
10217,-165.9421322236719050
10218,257.4539216945408953
10219,-124.8385077918411383
10220, 47.0845147229920187
10221,-67.0506513898020842
10222,287.1733441341639264
10223,836.2674277701618166
10224,-78.7332926020563235
10225,-293.0092291521933703
10226,284.9163264622561655
10227,377.9514320082276981
10228,-473.9426195897224261
10229,-538.8094549766042292
10230,-372.9047504031868812
10231,-83.3770088996876666
10232,157.4620595191124437
10233,167.5029145615104085
10234,-105.6904057431962087
10235,561.1616879176283419
10236,-149.3553189574682563
10237,196.9668051235223061
10238,-33.8199117275798145
10239,  5.1994198823378426
10240,-121.7084229606325749
10241, 53.4735798173783294
10242,531.2918938411244199
10243,-157.6026225893759261
10244,-183.7719623926119823
10245,643.8322464256618787
10246, 17.7803060101295713
10247,-92.0793971946023788
10248,485.4931646050748100
10249,-221.2365786079391796
10250,490.6065050484612584
10251,-43.6771591542502691
10252,139.9332298711765361
10253,207.5044744276111999
10254, 17.0926470243598416
10255,-396.4720331605288379
10256,-168.3016676152913647
10257,-75.5932410012443796
10258,-292.0735078007693915
10259,-59.3736653466330253
10260,247.3690470643842332
10261,206.8311275818564070
10262, 17.4624644640801208
10263,-181.8114850065696828
10264,300.1761509454862562
10265,-567.6387247955882458
10266,311.5932728526345841
10267, -9.9295118354924981
10268,161.4078230454780396
10269,272.3855992297230841
10270, 55.1224574194255794
10271,-15.2782674121974757
10272,286.4023019429027386
10273,387.8886119434748707
10274,-148.5788886363865799
10275,171.9523524483955725
10276,-411.5705922226787266
10277,213.8025382707520521
10278,133.9300243737167193
10279,-99.0171775012415623
10280,-162.4172422455824005
10281,-39.0741901134787284
10282,-295.1584521832392056
10283,141.3248135435956385
10284,163.0598300533461043
10285,-55.4554014624175480
10286,-145.7406760935216994
10287, 16.3504624363543698
10288,-364.2985584828282981
10289,558.6630187376723597
10290, 40.0506612190073881
10291, 67.6373450429699545
10292,559.8400846554661712
10293,469.8069471574155500
10294,-149.4998010545293425
10295,-328.8227866996960529
10296,425.7713170466741985
10297, 85.5046624117946550
10298,-166.9155370558497111
10299,-662.2984070393490583
10300, 50.2803916530034698
10301,-11.3557183329617217
10302,-451.8112644495301993
10303, 78.6728331341310110
10304,-386.8187999173562730
10305,-273.2273830523712377
10306,352.0150454400218223
10307,-263.8480409181020150
10308,-214.7302229936118749
10309,-84.8811548973844765
10310,745.8832791254220638
10311,-418.9751084522734459
10312,739.1991251661941078
10313,-469.0774263529474979
10314,481.8298448656708501
10315,363.2079747874403779
10316,-270.2530418207190337
10317,-399.5921247161318206
10318,234.4572803070641385
10319,-38.7346935703263924
10320,238.3687487185066232
10321, 28.6974419901829023
10322,238.2309578596528468
10323,-130.0074403000009795
10324,-681.2945617788493564
10325, 61.5806529595423555
10326,-444.9298506709590129
10327,-14.7132083928407056
10328,680.4767823428562679
10329,288.7326064937641377
10330,839.9704901556713139
10331,416.6574765191794540
10332,167.3560372891566033
10333,-86.7795378670687825
10334,332.7699676004367575
10335,-201.3344309342533904
10336,-43.6250829878410045
10337,-107.9023777960968715
10338,-284.0357380251707013
10339,232.6085571783256114
10340,237.8331517153998504
10341, 74.3998056772029202
10342,255.5177040636457377
10343,-168.6496192856102425
10344, 68.5633460162896284
10345,-365.4419817252603480
10346,189.7064988609459419
10347,-369.8332497667083771
10348,-250.9002439023778663
10349, 76.3135501962320433
10350,-344.9455092337758515
10351,-187.4233932681256931
10352,482.1697569825215623
10353,125.7526697288596864
10354,450.6919437521852387
10355,216.1761901820818252
10356, 34.3419357193047361
10357, 57.5114559612152476
10358,-211.4194989471272379
10359, 49.7624918094929285
10360, 76.1110402075843098
10361,-29.1962544904407224
10362, 33.0489585287374368
10363,364.5627121630999454
10364,234.4828098731511261
10365,-21.7965548590902713
10366,-476.9378770477999296
10367, 43.5676589930470399
10368,-310.9572136651692063
10369,-46.9411162260372308
10370,181.1955810713355675
10371,-214.9624298200715771
10372,-80.2270603152216779
10373,841.2082291657357018
10374,102.3567870858702378
10375, 37.2977380468815980
10376, 77.3981827596024203
10377,435.7945214936917182
10378,111.3947926515567559
10379,-128.8292241538748044
10380,573.0501210583953480
10381, 48.6024680779107925
10382,-68.5541465921886157
10383, 56.6816245058304347
10384,-360.3099319994399821
10385,131.9019228345040062
10386,-264.5258976334302474
10387,-378.7932497249922790
10388,-190.0992925997662724
10389,862.9152130409611345
10390,159.5764966623105465
10391,514.0204635801451332
10392, 61.3876678034069485
10393,720.8758958326578750
10394,-450.9767310398019617
10395,105.8944421199971515
10396,-27.5326030440028333
10397,-23.4355619667700630
10398,331.2059982949454593
10399,-156.0245639482410525
10400,  0.9477018385603768
10401, 17.2324051653196406
10402,143.2390841702122657
10403, 53.2264513907467247
10404, 41.0133492697943822
10405,-129.3925514683470510
10406,430.9165210459299260
10407,-427.9096196573566431
10408, 49.1140048520914192
10409,-221.6475803891872260
10410,-313.7597121868503223
10411,115.2445224470696274
10412, 96.1009720445354532
10413,-399.9159849424205504
10414, -8.4114079235630683
10415,733.1841324374679516
10416,-332.4267664916507670
10417, 83.6761204219433381
10418,339.7927486554421534
10419,-35.1157013145145029
10420, 38.2043354338779224
10421,-606.1984890559308496
10422,194.2728533894616589
10423,155.0315511615825130
10424,-111.2564778734836750
10425,-63.3393716365158994
10426,403.9358187289635680
10427,690.9194303358592606
10428, 75.7812994364498564
10429,-340.3154065235759163
10430,-195.7615954269784879
10431, 40.4451387087556711
10432,-137.6541879602928589
10433,-95.6747965895447265
10434,290.8435378725025657
10435,568.4646813472779741
10436,351.2186507540741900
10437,194.7151665816827233
10438,-312.1508420871932117
10439,-518.3107868724474656
10440,-80.7515804806128443
10441,-109.9105383057847121
10442,491.4108364751959925
10443,371.4851448604935058
10444,343.8566446684350240
10445,114.6078539736841719
10446,-315.2044219098825124
10447, 83.1039650930703004
10448,-82.5991510177411072
10449,-182.2190272252752834
10450,-294.9172924513040925
10451,-294.2105553148692252
10452,611.5470417356515327
10453,-34.7561341035925793
10454,-115.0415769005777378
10455,263.2793379023755733
10456,346.0565120928380338
10457,194.6116152691099614
10458,257.3561496384940028
10459,-303.2080949271147574
10460,-173.1959108570596300
10461,-88.5398344857846382
10462,137.6016120001118566
10463,337.0486492780651133
10464,155.7252346036270580
10465,-250.2907929052377369
10466,148.0634001514352747
10467,333.6821886093778744
10468,-260.3363923834254479
10469,340.3079092279143083
10470,224.6853557126952410
10471,-607.2797170619306826
10472,-54.8595929409186738
10473,-685.0910817258426277
10474,268.2582707785941807
10475,108.7974356338843194
10476,-233.1676171727203837
10477,115.8908815785021886
10478, 75.2887546149845974
10479,312.5869539403419139
10480, 78.4259070467950181
10481,-509.6307964395821841
10482,142.1529457847462936
10483,-567.6096744598835357
10484, 99.1978441101307595
10485,181.7656936468094386
10486,-27.4070983943582220
10487,-646.8210508159745586
10488,-261.6328162502990153
10489,-398.8768891978153306
10490,-259.4107520561830142
10491,-252.0574035679907468
10492,-25.6479672273312573
10493,-479.3579494231418039
10494,109.9106861902190673
10495,161.9425796911392581
10496,-436.8071742397544881
10497,-66.0122044225677058
10498,-73.6053826540717751
10499, 51.0027394461939636
10500,  7.6096810321637278
10501,-38.3904867310828806
10502,493.5959706069279491
10503,-303.4490805444863781
10504,285.3630587606859308
10505,236.9308212194622740
10506,-112.9028873820914640
10507,-104.9163970540470245
10508, 70.1107117201521390
10509,-334.4021807746180457
10510,-526.1520613513316675
10511, 26.6951266815403088
10512, 16.6250768789069738
10513,-282.6239186862393353
10514,-156.7643892232482585
10515,-368.7038524010555420
10516, 87.2669838839740635
10517,  9.6219614493941705
10518,159.3385543339497588
10519,737.8354361900716185
10520,-63.5256148968381424
10521,253.3923454040682373
10522,-195.4792622604795156
10523,-233.6040627570060053
10524,672.0430027603295002
10525,161.0264781163402859
10526,-86.9238858837819066
10527,767.4499376317861561
10528,300.1434547015421686
10529,-264.6332621205303894
10530,506.8069224983668732
10531,413.7325757860611475
10532,-227.9556542045857839
10533,270.7218219182478833
10534,166.2721453884319942
10535,467.8359469952990253
10536,691.0141927413322946
10537,-235.1955016257750799
10538,-204.4947563378371740
10539,235.5654990256696522
10540,481.5082289895008785
10541,-404.2863716261729792
10542,499.6345988790215529
10543,-280.4236242835594339
10544,349.6353570127747616
10545, 56.2792185593269139
10546,377.7838241995526687
10547, 58.2392941250823739
10548,424.2998121746477409
10549, 85.8004124415470955
10550,-252.9928885245896026
10551,172.8678449550204164
10552,-190.1066002057141304
10553,306.9642865236687044
10554,-179.1176649334224464
10555,-155.7759049400492302
10556,-208.7525705791084931
10557,-257.4259780204175740
10558,-187.8870804578435241
10559,178.9596858980305001
10560,769.2994246067650010
10561,131.4540049564616311
10562,-86.3360584772552926
10563,-440.7896941287979189
10564,522.2063378416917203
10565, 74.2604453705896645
10566,-273.3451908082475370
10567, 23.8854832027220070
10568,-140.8861901167376232
10569,337.4418933254646618
10570, 63.4251202440308433
10571,-78.1210436056395565
10572,-209.4159615061064983
10573,-354.3022169957901042
10574,261.5495894072729470
10575,252.7847530350218221
10576,415.3327934963979260
10577,-341.4106217749628058
10578,-101.5430656172894288
10579,-82.9800373443468828
10580,-146.1918594508299236
10581,-400.9570095088503763
10582,114.6881016153074597
10583,-318.4094491728407093
10584,-27.1286511131506316
10585,253.3920635503229732
10586,-15.1615972359099942
10587,490.2763101566970363
10588, 67.1605541551602414
10589,-583.6536301606631696
10590,566.8292227808813095
10591,-659.7840206113414752
10592,-280.3445865766312863
10593,-618.4849576034639540
10594,-403.0815217720825103
10595, 52.5807958677759970
10596,154.1372478179056600
10597,-187.1872458864610849
10598, 45.0643228640187274
10599,389.8698024589758688
10600,497.4944277009731763
10601,-172.6046614569693531
10602,-199.4880483069113950
10603,146.3321354045874614
10604,-745.9314211823649430
10605,-230.9357823467960316
10606,-157.7376882351051108
10607,170.5558567216074835
10608, 58.5281957912737525
10609, 21.7782353770830994
10610,-33.8454323885956114
10611,527.0115321450169859
10612,370.3597932478205621
10613,-83.7088492933667112
10614,-297.8667818275176273
10615,379.6300416409044942
10616,-194.4998186788642727
10617,-59.0811542392411368
10618,-59.0507414560863779
10619,-265.7953310406414857
10620,-488.3242148449631941
10621,-28.1333168150968405
10622,-110.8972425166386557
10623,642.5198198743137254
10624,-25.1049582455751548
10625,368.2746547201451222
10626,274.7992135270417293
10627,416.5261293363846562
10628,110.5732486798430898
10629,561.3783520521665196
10630,497.1437621157761555
10631,-201.6098773445089023
10632,-370.0522982615881347
10633,731.0573724235977124
10634,-380.1370791551687489
10635,-200.6025155052089417
10636,272.0860118937548577
10637,269.8405899107628443
10638,-243.5639950853461073
10639,-80.6420943458685286
10640,-467.9770128985552446
10641,384.1033091717127377
10642,-158.5146407643827331
10643,-321.1429089790809712
10644,-72.3070981215833086
10645,244.8965010486309097
10646,-111.7668798992759918
10647,-71.3035416162861395
10648,-97.1490053451389173
10649,387.9928529444622427
10650,134.0797608254540023
10651,-372.7245397183439763
10652,-153.8973489141060895
10653,376.0557246783066034
10654,-45.0669997272815337
10655, 29.1110242016165586
10656,-164.3884137139245922
10657,291.3802875570237347
10658,-389.6429089892459388
10659,-145.4538136607278602
10660,276.5061419927242241
10661,-134.0938109171891597
10662, 82.9481115548116037
10663,143.7733706105276497
10664,230.8537782304081247
10665,649.8980469913474280
10666,188.1001141039920412
10667,170.7722161437616535
10668,-533.8474844790478073
10669,-516.1349688253698105
10670,-356.7869746721654565
10671,480.9037432056476291
10672,-54.5359929616751842
10673,-272.6605720403806004
10674,-89.1636934197673696
10675,-97.4000408249599730
10676,-264.2980377506258947
10677,-558.8516759610404279
10678,-18.2231739898225555
10679,238.6833785879794334
10680,-107.4968268789763925
10681,-439.7371496922734195
10682,-366.0873776204496153
10683,540.4744022919007875
10684,-335.9192295399884074
10685,128.9848136466242750
10686,-360.4650592778833129
10687,-211.0145865681998316
10688,115.7038360539966817
10689,-723.6333562247715463
10690,380.8939221056087945
10691, 24.3009698057554573
10692,-145.3876145274097098
10693,-157.2829561785389387
10694,134.1033600367293843
10695,215.9571007711614357
10696,-310.2061637343890652
10697, 18.0188836938427173
10698,-287.1696947296589997
10699,-244.8288894362385122
10700,-126.1519063210302960
10701,-276.8510336972008190
10702,-63.9028231953840091
10703,-268.2907419843650132
10704, 80.9906061870767360
10705,135.4919764914787095
10706,265.8617173707353913
10707,290.1533893185746251
10708, 72.8575070698759220
10709,-88.6450183828438298
10710,-562.5238017086101081
10711,-257.9685916645921111
10712,-88.3281877322764188
10713,-608.9048913545773303
10714, 16.6481298468669578
10715,-117.9966414450887697
10716,244.4881358582510416
10717, 60.9613206465266515
10718,640.8504726114267669
10719, 15.0735926586622853
10720,135.0064443047731686
10721, 39.5233745332319799
10722, 86.4456057413422769
10723, 20.3376546154554418
10724,217.4424202319803214
10725, -8.5748459902477023
10726,172.3975873173988020
10727,-326.0037487732893169
10728,347.5813407240378865
10729,128.9580390911453947
10730,-379.7500886129534479
10731,-134.7069570566249013
10732,153.5688851434240974
10733,-72.1227860889705283
10734,183.3084883057265984
10735,-456.5387761913785880
10736,152.2753016259964056
10737,-20.6582805990709417
10738,245.6223283546584071
10739,776.4009728233555734
10740,-320.1434529602239536
10741,-479.3197082847776187
10742,-69.7543486029085358
10743,-372.0104531960514578
10744,397.2822473818083608
10745, 94.9729302515402054
10746,-545.8700939849766200
10747, 92.7173308480334128
10748,456.6232467986965844
10749,140.3351962920395408
10750,-542.6167845034417496
10751, 33.2561784730554635
10752,237.5455531193663035
10753,-260.5147806037736018
10754,-227.7411780489454713
10755,-18.3742079446438495
10756,357.2320793577897007
10757,234.1686632237947663
10758,309.0494908647154944
10759,109.4162090726783561
10760,297.0462771953377796
10761,431.2827186897726506
10762,-285.9027541516834390
10763,-461.1231850605628324
10764,458.8411685202926265
10765,-35.1324786579340937
10766,-138.9667786727802650
10767,435.8781113541383547
10768,-327.5517324812426523
10769,-16.1758422256013219
10770, 32.6873831509718045
10771,-143.1103609361337021
10772,-82.9116379681933751
10773,-26.3958495790883561
10774,-295.9065424837688170
10775,-300.9445513092773581
10776,-157.0374617605638150
10777,-444.1054251705674005
10778, 55.5429592337442628
10779,136.0957334337385873
10780,-59.9342344141380252
10781,774.7869393558544289
10782,-291.8214694025423341
10783,449.6545133580515881
10784,-231.2008249130527133
10785, 88.1805884040511927
10786,511.6823816159443936
10787, 27.6989139918537930
10788, 69.7190034307853352
10789,-684.0304286748191771
10790,-181.1657541891078438
10791,-592.2856835316266597
10792,-326.3723044913680269
10793,527.5739554313369126
10794,-175.9822322889247630
10795,555.3273243262492542
10796,-40.0621925694766858
10797,-242.9096118442565171
10798,466.4750098322087979
10799,209.7265782177986750
10800,112.4739902863377807
10801,655.9597092112726386
10802,-253.6728820136543163
10803,-143.1400643690266747
10804,261.9090334491256158
10805,-51.4305246209891536
10806,-646.5343714931209433
10807,-114.1173064551286984
10808,126.1493111800801472
10809,204.5934628589950250
10810,-300.3936136583131997
10811,-415.6867458895393952
10812,  6.4491528842812258
10813, 72.8010777748286557
10814,160.6608720814522542
10815,249.3116892918170038
10816,-248.2853452465627981
10817,  7.8306299226125589
10818,-466.3838270166583584
10819,290.1514440446011349
10820,-309.0332065633397178
10821,528.6916611956262386
10822,372.4938479322540843
10823,-328.0862663096851293
10824,-94.6587340772515944
10825, 55.5691941404570287
10826, 67.3438241903166244
10827,-533.6683812491307890
10828,-128.1086335034481749
10829,-542.9948584464183341
10830, 54.6346396725811232
10831,182.6604348326790728
10832,-41.2994857308910852
10833,652.8127633917354160
10834,-336.9657807378882808
10835, 99.9628201977377557
10836,811.7900163367069126
10837,-346.2521160652999015
10838,103.6908796009839335
10839,487.7360812633320961
10840,120.8956910139912821
10841,-324.3296740543692636
10842,-136.4121297121479301
10843,-41.9244300309766871
10844,282.7029865802338122
10845,345.6203289702048096
10846,124.6979853475234989
10847,-206.1133528337340977
10848,155.9399858321406782
10849,-443.7672299433852459
10850,-273.3430034005959897
10851,195.9503308185456376
10852,-30.6900408514000063
10853, 86.5677865981541572
10854,-312.2113618894960041
10855, 41.0052469614576793
10856,307.6751801999478175
10857,532.9059494214046708
10858,260.1616805633805143
10859,362.0055075337364769
10860,101.3289812019683467
10861, 38.4412961398940851
10862, 20.2676747539030018
10863,117.4402498807461797
10864,573.6911827078556598
10865,-507.5920585145006498
10866,-211.7696267104565209
10867,-78.3998974042817309
10868,-319.5737676595733205
10869,-267.4465644183344466
10870,-780.8570319676232430
10871, 50.2299805564441257
10872,-298.5490108171666748
10873, 23.3923865231168904
10874,-76.2905974101474413
10875,-257.5974704642546271
10876,171.5643650979654922
10877,-121.6007831624900177
10878,-451.3737768554305489
10879, 81.1353388426826854
10880,-212.5524931714258514
10881, -3.5349272290956795
10882,-408.2554810001852275
10883,-158.6513319446575565
10884,238.3983420161308118
10885,-133.0357232736964761
10886,-266.0840826060641007
10887,247.7427043819474761
10888,347.9665442832371127
10889,-511.3152428108668346
10890, 21.8158712150195271
10891,-163.8414096422906141
10892,-472.5608363970475807
10893,-365.0082671512347474
10894,272.4371379322400912
10895, 92.3737637489158629
10896,491.8081456846510946
10897,-200.0360581358084460
10898,144.3149082498746907
10899,-554.3580524199991260
10900,-449.3575578941574236
10901,565.0154801799594679
10902,446.3187580746213143
10903,309.6973881874124572
10904,282.9279414077499268
10905,176.1976281899680430
10906,-315.1418517603812006
10907,612.3377931152965630
10908,274.2522312477312312
10909,-19.4361730585650392
10910,404.6254477705243744
10911, 47.2664814269849600
10912,101.8962408096050325
10913, 98.1480956277787158
10914,-231.3525824437228948
10915,136.3361231916422867
10916,-150.3100592679497254
10917,461.1995499787881272
10918,145.6901588842732735
10919,-405.8237418755577437
10920,-405.5525658750960929
10921,213.6739436505611707
10922,-204.8036402731439125
10923,-118.5706379105084096
10924,675.2302648290719844
10925,145.1619878685344815
10926,489.6870020199623923
10927,-173.7655745936935432
10928, 89.6916846528368552
10929,239.0117915423095951
10930,-68.1800006866009909
10931, 93.6667756151326927
10932,-196.5530172200868719
10933,-711.7534447200928298
10934,-104.1502399114898054
10935, 55.7300395012292924
10936, 74.2403505847863272
10937,625.7495908769045627
10938,234.9868848687539185
10939,221.5929479387568222
10940, 61.9315917567946386
10941,239.7364483344360622
10942,-21.3380818183182797
10943,180.1647362970919630
10944, 14.9186279954977934
10945,-374.8656883482511830
10946,-397.5149288584032092
10947,114.6669084321614349
10948,-269.6162287989430979
10949,  0.1392122144914862
10950,-34.5948467606938621
10951, 72.7340212266812358
10952,-188.8055631390385543
10953,-365.5336719234535394
10954,-67.5955225542679869
10955, 19.5011701391790027
10956,212.7825901382331892
10957,170.7228468826320977
10958, 48.7560558820186358
10959,-239.4465227916462027
10960,409.7382051551798554
10961,399.8680056503089872
10962, 18.6931004599764989
10963,165.7669719598434313
10964,-124.3894534967105443
10965, 54.9945232127864685
10966,640.4320745648681168
10967,  7.5787927355541811
10968,-265.0476304100113225
10969,  1.6927330910939344
10970, 18.5171336212678099
10971,-248.8516393016928134
10972,106.8619315465080746
10973,251.6391431209096368
10974,133.8377395364069571
10975,-358.2669613769304533
10976,426.2614473176402043
10977, 71.9784224697405079
10978,-322.0875596252202513
10979,438.8402675015934165
10980,-40.1321144913416319
10981,283.8035686529256054
10982,-487.9061953325843888
10983,-86.9330282521484463
10984,-470.8501510916904635
10985, 73.1464827731520160
10986,-688.3900989407995894
10987,392.4785675660410789
10988,-328.6310374955381803
10989,149.3916006346927361
10990,321.7931147606054196
10991,584.3930870450628845
10992,206.7572957002488749
10993, 36.5482259970079255
10994,-37.7782852111884395
10995,-551.0517094651359002
10996,-107.8512038775699722
10997,-176.8060279535305028
10998,-356.8894911731822503
10999,418.4145841124782237
11000,-26.1334960169817876
11001,-213.9095136280308225
11002,246.5797888198768533
11003,-32.0110249497121870
11004,-126.7325884958263060
11005, 26.9144915576192219
11006,198.9219737629517795
11007,-18.8435544147075760
11008,-119.5148460764236376
11009,-389.9037605310735444
11010,-149.5092860714788117
11011,-308.9620302146941526
11012,-478.7771604137524264
11013,-616.7291412522793053
11014,-25.8908296113848237
11015,-133.1765903168639227
11016,-633.0587252293205438
11017,-32.2632947456077019
11018, 28.7958195816945803
11019,-290.0013236406605301
11020,-168.0249653920009791
11021,-173.8410200197396307
11022,107.2795541516630777
11023,278.3287852070001804
11024,164.7366518159128077
11025,596.7860199506160370
11026,737.7802177171222411
11027,-57.0443987038876159
11028,-20.3819130278855383
11029,193.1114083002465236
11030,150.9524222036820049
11031,-340.8779258558663514
11032,207.5565702465374898
11033,-27.6747261258923984
11034,-146.9516573657121228
11035,-121.8806682961267853
11036,144.4795053298901166
11037,333.2095316788968944
11038,-452.5131209680452002
11039,-208.5368467442232259
11040,265.8449475236092212
11041,-86.1964595005005805
11042,-456.0106179223628260
11043,-377.7300472014272259
11044,277.5566889704531377
11045,-98.2881655686435778
11046,-258.6774182328505276
11047,508.5130216465904596
11048,-27.8294667674148357
11049,-397.8382252241873402
11050, 27.2942315480419708
11051, 55.4609069629131923
11052, 86.5244396150271058
11053,-417.7182670641676623
11054,265.0746921743700568
11055,126.4953798005736019
11056,-731.2337998933422796
11057, 26.7685290704316756
11058, 15.1724249654737164
11059,603.1491770539607842
11060,-68.5103690857606864
11061,-630.1588497389252552
11062,391.4398950451701467
11063,191.2673977127126363
11064,-82.7991588980454623
11065,874.2798355716815877
11066,130.1022096560787418
11067, 24.8252576298391929
11068, 10.0156845555303491
11069,407.5535519509842288
11070,184.9337224498366368
11071,699.4013403550842440
11072, 12.8741821712495792
11073,-569.7950312054742881
11074,-60.6182675302712752
11075,-96.5894429258602543
11076, 19.6607083573845145
11077, 30.2259690500661335
11078,-107.0685821483567821
11079,-23.4481530233084428
11080,-16.5634897551121369
11081, 18.7673179985879912
11082,145.9503818222065092
11083,-428.1027566009209409
11084,-158.1747761103718801
11085,-44.3780808967880276
11086,-411.2997705448299257
11087,218.4210180820245739
11088,141.2453078447522046
11089,316.6347559705908452
11090, 93.6802398253550308
11091,154.1640540256553322
11092,-132.9202502359103732
11093,-293.8735713953070103
11094,485.3063455878750574
11095,-271.2294815068545404
11096,373.3831471784332621
11097,-359.6695987563279004
11098,-459.9923044506950873
11099,209.0536985232822644
11100, 46.7400835148772629
11101,-767.8965435991783579
11102,-153.9694668257060357
11103,-66.6828924615682439
11104,-15.9440350808873816
11105, 16.0759843449999877
11106,157.0389367015735331
11107,585.6578635592909450
11108,-259.6381059793918098
11109,264.4864666930856174
11110,171.5586506995272771
11111,182.0657255450849163
11112,-336.8833733608922785
11113,-403.2385387031518462
11114,114.5777251079544783
11115,161.8364434963897338
11116,-628.0447010001050785
11117,242.0117530553877714
11118,362.8630361176535075
11119, 60.7137064042444834
11120,-359.3112312132585657
11121,-379.0818795057264197
11122,237.8377849497882153
11123,-293.4175091399246185
11124,-397.4513792029813999
11125,159.5888560513251662
11126,365.0374752135953713
11127,-720.6128464897357162
11128,500.1648657714836759
11129,-11.2658100061628730
11130,-69.3550150252379893
11131,250.8656215596783738
11132,-169.3067854080241545
11133,120.4372069269266348
11134,-39.9531578253930917
11135,-520.8790659997441708
11136,-631.1061053453724980
11137,-189.4512872458669506
11138, 73.5707873664432697
11139, 39.6381319362821714
11140,-459.8374387751044878
11141,  4.0290717234964788
11142,-197.4488996568161099
11143, 62.3897425691468399
11144,-186.4453523692717454
11145,-133.6082201956018878
11146,305.0229789528638094
11147,-46.0224675921478479
11148,-42.2814759850075532
11149,-174.6134231397819008
11150,-221.8174242781657881
11151,-177.5825537147665898
11152, -1.6457791602113832
11153, 92.1956147289280779
11154,380.6366433481238687
11155,  5.1762855335078015
11156,-43.2641378603594333
11157,138.5690976831324974
11158,-644.2373399718051132
11159,-264.0526485409811812
11160,388.0771113359531341
11161,-314.5755039675318585
11162, 68.5957788536981496
11163,313.9025059586705879
11164,-174.1363800055003139
11165, 75.2450609171670948
11166,-48.3004965347904403
11167,366.3281349305418075
11168,-300.9531752245192138
11169, 52.2954749728068506
11170,199.7645085288463065
11171,-291.4521388811775182
11172,-221.2552571419515743
11173,-347.6337366501138604
11174,-203.1697372256599579
11175,-377.9229754446040488
11176,-39.0599012387205633
11177,-27.6577089869228772
11178, -4.8400690110828251
11179,387.6931701816699842
11180,173.0752110086148718
11181,932.2704016789716661
11182,-79.7594893496653441
11183,140.8319773722503214
11184, 39.6840298581277651
11185,443.5242080443127861
11186,342.3599487202388900
11187,-137.8579525840637530
11188,596.3305304911721123
11189,207.6469264235074945
11190,-628.7444696897268841
11191,498.5177064988436086
11192,-157.9392487400483560
11193,351.1078397657419146
11194, 21.7113335356002466
11195,-147.8588200554934247
11196,204.5724627492807315
11197, 29.4746182494124511
11198,121.4339296412443048
11199,-565.6199353865663397
11200,-229.6105869585275059
11201,-46.8044771087408762
11202,686.9993413504818136
11203,-439.3760081383558145
11204,-564.3067809262273613
11205,-449.4452387206117692
11206,-187.0133755779535818
11207, 63.7144707523070153
11208,226.5321796112892230
11209,-238.2619588660744228
11210,  8.0317526679668205
11211,-360.6886941851462325
11212,-123.9931161386857639
11213,-388.8646194630038053
11214, 21.0258626314463939
11215,-301.5018712563036161
11216,215.8774083128967334
11217,403.5102100497998663
11218,435.6976033569266065
11219,-107.1009208837217983
11220,186.0469207837366810
11221,347.5694847398059437
11222,258.8139591153044989
11223,-431.3756614817933723
11224,-169.3593819810196806
11225,106.3866800430391351
11226, 11.4063433477795613
11227,362.5962040295641486
11228,-602.2073540911471810
11229,707.5559184457944184
11230,202.1749187820551299
11231,-50.3371197676571924
11232,-170.3294234532489781
11233,-33.3113709039495163
11234,194.4298349201159226
11235,-358.5893509674071993
11236,-212.2653532691772966
11237,-291.4211038222632624
11238,295.5576189497115820
11239,-278.9733872730839721
11240, 23.6536533001097027
11241,-64.4636109068397190
11242,-550.5130672413399679
11243,541.3432697524749528
11244, 95.0633304113095647
11245, 14.5982073746326684
11246,108.6088351912705008
11247,-390.9747091142426143
11248,358.6664196609009423
11249,-656.7373713546328418
11250, 39.6217040406500516
11251,-112.1078139764173756
11252, -3.9966181836038932
11253,-399.3487785294679497
11254,-189.9421583026675648
11255, 25.7050032546182834
11256,-514.3423090508952100
11257, 42.9033889964726498
11258,-18.9326524215668783
11259,-109.3230964996572681
11260,-32.8990917139467385
11261,-543.8120026538532557
11262,402.3710870309702159
11263, 36.2443153794275688
11264,228.3040758000937558
11265,346.3830222771372291
11266,-401.2227069906845145
11267, 54.0571977313651431
11268,  6.8622333480843949
11269, -3.8120805658918973
11270,-445.4514919738877552
11271,162.0875187432686744
11272,176.3675250138711021
11273,-516.9719819284372306
11274,189.9931600934903599
11275,-164.4571279651933935
11276,174.2099471283275989
11277,-510.0297763148840886
11278,174.7848851098714249
11279,-352.7463243272835598
11280,-145.4609770896164491
11281,456.9718611706612705
11282,-463.5148906726273026
11283,-363.5842764043931084
11284,-157.8480822849037395
11285,-195.3606096202616413
11286,152.0406877568562436
11287,-197.0922676688178399
11288, 36.4809653687194171
11289,993.2248779784692942
11290,-387.0287931868153350
11291, -6.6165108828029489
11292,-272.0688608858409907
11293,-138.5995455101103460
11294,-105.0394486126000260
11295,-21.5295244047235954
11296, 91.0571991502296925
11297,-65.7911971494719552
11298,164.4728771009369837
11299,-17.9978270274649574
11300,783.8866597139142414
11301,-339.2311247243126786
11302,-196.4845636178357609
11303,357.2184954096820206
11304,186.3106252115692598
11305,138.0941036840313529
11306,-11.6324614777381683
11307,175.8091637342035938
11308,-224.6173498323623505
11309, 68.8557964118669901
11310,201.2111313900391565
11311,257.8711428771628107
11312,-432.8705595172982612
11313,-893.9998008184387572
11314,671.8650784658577777
11315,-143.3726491912179881
11316,622.2386586662821628
11317,179.3844262904726747
11318,553.7744088919055230
11319,133.3992211640383516
11320,-278.7634418316658298
11321,-316.6280409529839517
11322,503.4156628826665383
11323,282.6871359966570481
11324,-192.3497907541521386
11325,-266.5062159351734863
11326, 28.4420926919716450
11327,-502.8106644889342078
11328,-284.8971678177397848
11329,334.3253961027036212
11330,131.8555942163129373
11331,-163.0690052750661039
11332,207.6978104450532214
11333, 84.5377553554173176
11334, 26.2596290661027396
11335,-255.9221373063668068
11336, 51.2829027424819444
11337,-102.0496214623111229
11338,160.4343041062870725
11339,285.3933559563084827
11340,-58.8409645216817196
11341,103.1053491066590482
11342,-294.3112930187337497
11343,376.9074907782759283
11344, 69.8018669339691371
11345,866.0001885226098466
11346,-39.3728965805395674
11347, 64.6142028933178807
11348,-169.6560341690671407
11349,-545.1873976319993744
11350,-61.7696368475370647
11351,-497.3202845338074098
11352,462.2911105292879483
11353,-153.2691425095554791
11354,-206.0069414591025350
11355,-139.6796790389992964
11356,-86.3160350000835592
11357,589.4439429065598688
11358,213.3916236546711502
11359,160.8426920524974264
11360,189.1431187909541904
11361,-353.6233316812030125
11362,-195.4614688813512942
11363,-130.9704878475704959
11364,-411.8978482107084460
11365,339.5361109610371386
11366,278.7080285787562275
11367,262.5393308909976895
11368,-182.3152473785592065
11369,312.5925398843066318
11370,292.5069660284916608
11371,-191.3981291302142722
11372, 97.1989658904281555
11373,-323.0624519693488992
11374,-641.6335236830916529
11375, 34.4043177859410818
11376,332.6146395449392230
11377,374.3942908011453028
11378, 79.7405744369822855
11379,-175.6645414801169807
11380,161.8497799905452439
11381,247.7096272690798742
11382, 90.7385821923595159
11383,406.9195427827262392
11384,-128.2933840449150011
11385,131.2733075553548474
11386,729.3094416276248921
11387,721.9516507762627953
11388,-177.9400006337244236
11389,709.5229020169674641
11390, 68.4418279462760637
11391,-488.0481067137031914
11392,152.7459391461769087
11393,-239.2502847833340809
11394,-147.2809571447955364
11395,-45.2083185756454142
11396,-222.1244934454271345
11397,-332.6152838819178896
11398,-119.3673758230038828
11399,411.5976153741659118
11400,165.3828837539905976
11401,488.2754656867199969
11402,224.1448993009881292
11403, 57.1231932787392154
11404,264.6650201978731047
11405,-126.7509829447083547
11406,-376.2060205940091464
11407, 48.7913739177843624
11408,420.1980640051414184
11409,-415.5596397131084245
11410,-45.0726787149891592
11411,-169.4855745354322494
11412,744.9633226613815395
11413,-534.1845713199484180
11414,-151.0311280910088669
11415,577.9358654693667177
11416, 46.7263873906084584
11417,311.5540818056223316
11418,357.3063765881047971
11419,265.4127384398409504
11420,-253.5973690253510995
11421,-473.8813440500305205
11422, 12.6884446058774003
11423,-132.5642669004880929
11424, 72.4738192034757134
11425,217.4358052292226944
11426,-335.7785201122073317
11427,-262.2046244768534393
11428, 95.5169832091022073
11429,-209.1819202453597768
11430,456.6356734923425620
11431,308.4305601974660931
11432,-28.8537311256816977
11433,-358.5178471510810141
11434,128.3117267744263756
11435,145.6247243814602541
11436, 95.6670080341852440
11437,268.2835409130810831
11438,-466.9244162464638634
11439,-314.3209496912709255
11440,344.7406648862776137
11441,220.7075581367115547
11442,-578.4755239012404218
11443,174.8090781147940334
11444,399.9414839607325121
11445,732.6720966332517264
11446,667.3027303329157576
11447,-63.0965129827209310
11448,245.9065220289222111
11449, 21.7301930194884889
11450,-248.6526404247265987
11451,-197.0407550517398647
11452,-282.0464722650831391
11453,-81.1523892575542476
11454, 52.3653616037865319
11455, -2.2571267781348543
11456,-758.8756116063777881
11457,213.4914591224901415
11458,-169.2714782639765474
11459,184.7202886520124707
11460,256.5643049747521331
11461,-63.2488977765195060
11462,-272.7178718373250490
11463,135.7944634714892800
11464,455.7807433953053078
11465,-129.3563765217191133
11466, 62.8733703922196980
11467,-386.8529378948043131
11468,267.2276588361105496
11469,287.2411869226273211
11470,-52.0997286525844103
11471, 76.4069566483916986
11472,-138.1621508973809114
11473,203.5561486423047768
11474, 15.4887110202658036
11475, -5.9680825169685576
11476,-31.6441425909691532
11477,221.5663023069263602
11478,-687.0023182063171134
11479,483.7842231435402027
11480,958.0223790880726256
11481,191.5960609293111361
11482,-58.5897055745350244
11483,259.4623062040431591
11484, -6.3167575619114089
11485,-270.2884690000891510
11486,-772.4642296251154221
11487,-146.4633192619982935
11488,-37.7814609930160685
11489,331.5519575822498268
11490,570.4745741117804982
11491,-182.5998962757511492
11492,-356.0940866069386175
11493, 84.1429512103641315
11494,-115.7266417991652787
11495,431.8983819954098635
11496,-39.0276083608550053
11497, 28.1633830629485757
11498,-54.0638534332930973
11499,-259.9655378401632220
11500,157.6968782048078594
11501,-451.5735361809531696
11502,482.5565048687753347
11503,242.5569452090999789
11504,-588.1137438098014627
11505, 81.0170968959938165
11506,325.4067394440303360
11507,-22.0522351506558394
11508,-296.2785041973308466
11509,299.0519135861391646
11510,468.2699312239475944
11511,-99.6074695148783888
11512,  5.2780854471667098
11513,-101.9471501707085110
11514,172.8154349633901745
11515,-676.7207529529058547
11516,-85.3345851981873125
11517,117.5436957164816789
11518,-83.6287873883056676
11519,179.7556277016341824
11520,-83.3529634745276411
11521,-21.4191789522168747
11522,292.1247462432759789
11523,-100.1639608776519452
11524,-295.4450782425563489
11525,-196.1996154609630025
11526,-90.4034979856608203
11527,-58.1141240949137980
11528,-400.3793446976443988
11529,236.3271753297142368
11530,-312.0048905394501730
11531,448.8990473727643575
11532,202.7355050769526201
11533, 94.9287545628960032
11534, 60.2473079175106179
11535,-149.4366324908834827
11536,406.7833814658019946
11537,600.8120265364312900
11538,-23.2635594607622025
11539,-565.3127069056474738
11540,156.4406917256117708
11541,648.6215466239536909
11542,405.7197964687422314
11543,261.8058313692999945
11544, 22.3560839350153557
11545,238.4124747322882740
11546,164.5680237527016914
11547,-83.3467411485823533
11548,209.7749198244943614
11549,-198.9743774153074014
11550,-78.7347321033747392
11551, 27.7324881019245524
11552,450.3167950749095212
11553,-78.3152055800511420
11554,-267.6389063338017422
11555,348.3318744546578500
11556,-404.4550391740674513
11557,330.0959394936925833
11558,-532.9705587435962570
11559,530.1667228330982198
11560,-741.0568046410535317
11561,478.6495234473400160
11562,164.6318792135604383
11563,-449.7107531471183961
11564,-412.1148110783391303
11565,219.1277390751057510
11566,-378.6893095030048926
11567,368.7333880545342026
11568, 37.3384269584687516
11569,396.4934950040527042
11570,-29.3297947185354744
11571, 35.4752518390909373
11572,-267.2910755568137802
11573,-417.3465797913094661
11574,-250.3010652766377007
11575,-228.9572000921871506
11576,692.2513473375054218
11577,-411.1573720657524973
11578,482.3211788824996802
11579,109.4038692230867582
11580,547.6205815138989692
11581,179.8842650846923163
11582,-521.5793101895121708
11583, -0.5366722202064909
11584, -1.3108832742802934
11585,-248.0508314562959526
11586,-243.0680618201314473
11587,199.5673007517019073
11588,381.3240432569331233
11589,-393.1688038873969617
11590,138.2324527613482701
11591, 34.2410556979880667
11592, -4.6291546141179154
11593,-151.8619312819580500
11594,335.5463722270895914
11595,-93.1452980827052812
11596,507.7532186638949270
11597,-355.4656205338220616
11598,143.0897843816085242
11599,137.9468840362692674
11600,-151.0460060438971084
11601,-19.6017736924687469
11602,105.8488271340616507
11603,-172.7851899812658587
11604,482.1272637099976919
11605,-267.5391741332550168
11606, 39.9055557861301153
11607,-52.8557965310742972
11608,-21.2224467312095797
11609,155.3798934610842934
11610,-96.0692778350163934
11611,-163.1753040969968254
11612,-180.3657397735510415
11613,-264.6784345236000604
11614,171.4279516464368101
11615,-11.4577133629421226
11616,239.9973419068964233
11617,-39.8499538384162051
11618,-211.7416065579571125
11619,-354.1693561735650064
11620, 72.4794629520894915
11621,306.8202044401934359
11622, 10.7102384791623635
11623,-367.9516429972728702
11624,280.9986782848989151
11625,607.1342789952013845
11626,226.0786669570700553
11627,565.9296380146839738
11628,-147.7674721698989515
11629,-314.0375602749046493
11630,-180.0455352520887686
11631, 51.2709773798720789
11632,-118.8198422141339137
11633,-258.2606219427472070
11634,-229.8371302020435678
11635,200.3647586231519426
11636,-348.0714175640098915
11637,-584.8608659725443886
11638, -4.9298768310260428
11639,-163.4422148166990496
11640, 87.0275192985694304
11641, 41.5666350434533953
11642,-494.8904637770149293
11643,-60.8877112029749696
11644,-173.5513697197509941
11645,181.2645211802117728
11646,-51.3257090867704804
11647, 43.9509973051820495
11648,-517.9818134858787744
11649,-355.5526669032850009
11650,272.4021668773414717
11651,490.6303834469723029
11652,-37.2347068678215649
11653,100.1917811771594842
11654, 32.2647431166699903
11655,342.3839958945964099
11656,-274.3839964056687677
11657,-461.5994801818364976
11658,399.1178188156314377
11659, 59.9416624192662653
11660,-119.0269379629809094
11661,-281.7090515974907703
11662,-127.6286844483183103
11663,-556.5819101778249660
11664,-79.3792344122199012
11665,-84.2839875517496893
11666,-212.8581543336193818
11667, 72.2985846798134446
11668,-416.4589989203814753
11669,-151.3927706678183256
11670,-112.9432574665687810
11671,-386.9976053679827146
11672,553.3497133654168465
11673,-80.9378345808710264
11674,265.6051645120160742
11675,498.0645050415461128
11676,447.8834076769251169
11677,-162.9533886340896345
11678,121.2035152065201800
11679,106.0234284584317237
11680,340.5063554149730862
11681,  4.3144167627818675
11682,-92.6478366916538931
11683,-354.1295771288342280
11684,214.0074765324251587
11685,-345.6914287422604843
11686,-271.8022086291157962
11687,426.3090773781530629
11688,-37.7575071705206184
11689,-180.4634572378342625
11690,-97.5823107880722063
11691,347.8223132335260743
11692,-237.0130908039771498
11693,118.1231187011871526
11694,681.4766679385006682
11695,275.6633448909278741
11696,185.1648163995728567
11697,-13.1593633673160539
11698,274.0722474871904524
11699,178.7610296558836467
11700,-178.9803951614061361
11701,391.8425175864838366
11702,-308.9499410969803534
11703,-324.8362159483894516
11704,262.0871357430683020
11705,398.5210640940398434
11706,-368.2548804329607037
11707,-181.1825114378504509
11708,-166.4134720874748155
11709, 68.9875525872534325
11710,-249.4901287843144928
11711,443.6033748432896573
11712, 13.6504598838501359
11713,-212.5303785237177294
11714,-27.9154187122359829
11715,-240.7998218457102269
11716,-142.8830914479366925
11717,-285.8343043909049470
11718,460.6316686800932985
11719,-225.1078802995060073
11720, 97.8265193286198809
11721,350.5872568742836393
11722,378.8238516684875776
11723, -3.8848455252722904
11724,-260.9482885668380732
11725,-64.5615861738180143
11726,-270.6032841666916511
11727,-569.4207476943706752
11728,142.4683839948796731
11729,228.1523179274665836
11730,170.9058940527080495
11731,-88.7330059811682901
11732,179.5851459685295595
11733,176.7868255604937531
11734,-56.2705743482385472
11735,-185.8725872968258273
11736,100.4465873109705427
11737,-63.6621795455849977
11738,623.2061139971224293
11739,-122.1689810537806835
11740,-216.5726412681249258
11741,-130.9809745007365223
11742,-293.8266585893762795
11743,167.9238436272995330
11744,  9.2595075934128701
11745,-587.4956962603291686
11746,304.7248094184762408
11747,251.4635951168525878
11748,-304.0609677452422943
11749,108.0433695754605168
11750,-218.6718997979020855
11751,-105.1301838854360540
11752,121.3563310871569740
11753,-302.9640413485004728
11754,529.6616399285876469
11755,-224.5501111509533132
11756,688.8598020995774505
11757,121.6214084074825195
11758,495.8633096373987428
11759,-104.8970080032130596
11760,-39.4036928277119571
11761,-218.4339384089340115
11762,-242.0754292376032311
11763,328.4691736616507569
11764,-121.5706232243741880
11765,-351.9613272364563272
11766,235.8965433600894244
11767,211.8433161338361970
11768,581.9859083831241833
11769,-187.8168517671768427
11770,-88.2035305628129578
11771,-121.2631828216140377
11772,-682.3449315356829175
11773,-61.4559935715816081
11774, 69.0090413389829251
11775,132.8948728469896992
11776, 41.6468207434630884
11777,-513.1698248834670721
11778,216.7434409233466681
11779,-533.8087878872964893
11780,-467.1030650315719299
11781, 39.6939896551461473
11782,178.8448375901786846
11783,-255.9126843608312925
11784,468.6909720129364132
11785,-959.1458675174444579
11786,201.8625119158861594
11787,-282.5687070757379615
11788,-392.4349515666040134
11789,-219.6877577980355909
11790,169.5930226678124200
11791,-21.8956657693370715
11792,-242.2799222872567384
11793, 35.5888607513467221
11794,336.4403335300432900
11795,-63.3315203300063345
11796, -4.4460482737866371
11797,-312.3153657145603574
11798, 14.5814155719427774
11799,-258.2235127345506385
11800,725.8387913302833567
11801,-303.8280646204012783
11802,-726.1845220640301477
11803, 93.4226836944131804
11804, 92.7979825837215060
11805,342.4123292506724283
11806,856.1825394344156166
11807,-54.8831470621820117
11808,-213.1372064142552176
11809,-365.0835488849473904
11810,-733.4819620034941181
11811,-206.0583819357797779
11812,-418.2722352600780482
11813,358.8044694709529949
11814,-260.6223453246693680
11815,546.2345722587838281
11816,187.4494866560294213
11817,-22.0339829007956070
11818, 88.7305170234142366
11819,-243.1384797848774610
11820,-41.3796662789560301
11821,-543.6240241200898708
11822,840.8060354669684102
11823,402.8242218186642276
11824, 79.4207055955006354
11825,473.3897942639644043
11826,-57.6454900468164411
11827,210.1128672724418038
11828,-185.7574529011000948
11829, 22.7691380035858550
11830,940.7468340773511954
11831,-442.7066678021550956
11832,-475.2447822521920671
11833,-339.9942839816204696
11834,541.6463647301903848
11835,333.4990795646739912
11836,-765.4962533792752311
11837, 91.1931891808722384
11838,164.4507322896627102
11839,274.6128331227387207
11840,263.1882538980381696
11841,303.6223346767643534
11842,-92.1895255379561291
11843,208.9737133756830474
11844,-170.0341905096148594
11845, 41.5581963580471481
11846,-670.8313651099272192
11847,452.6593777040683335
11848,741.8102612544454360
11849,420.5524115040738025
11850,400.3530024481779606
11851,-181.6423957556419850
11852,162.0463584020050689
11853,  2.7480936093336434
11854,534.6906446334301108
11855,145.0593687435123798
11856,245.6397735237514155
11857,192.7063366360495706
11858,486.5739863716469245
11859,525.2699999852708288
11860,172.0015914277911406
11861,342.5619147140177461
11862,-338.4488098951219399
11863, 99.9713350438031938
11864,-176.9017178169027034
11865,316.4260102039331173
11866,-637.4632411206282541
11867, 74.5333573639014872
11868,-319.6093541834507050
11869,-234.0735719696338890
11870,238.8317632455620583
11871,684.2995158543795924
11872,-273.3939469063437855
11873,229.4938738284955662
11874,-191.4280518183522020
11875,591.7365509012381608
11876,-357.7170769578665386
11877,279.3492027993535771
11878, 16.3853469823744078
11879,1015.2321071191615829
11880,-44.2476486701166962
11881,-259.1203848495991338
11882,  6.6863125711800464
11883,113.4176595002539472
11884,164.3690604291059287
11885,-219.7909106431459350
11886,-50.9121501652258601
11887,234.6937848292131434
11888,-225.7460471560123096
11889,-124.5680611202289612
11890, 89.3308063458619159
11891,-24.0398223211536219
11892,949.8138509171467376
11893, 21.6852932429474876
11894,-333.0669156217106206
11895, 51.6352667711272133
11896,-328.7470589180691150
11897,-622.2335618237698327
11898,-406.8257232673669250
11899,-126.3808381615701393
11900,-298.3568340444085152
11901,-494.6324027328496413
11902,579.0223407583981725
11903,170.4248951223824520
11904,160.4512727890138990
11905,-127.5324575092085269
11906,116.5126074916415320
11907,137.2448368952322539
11908, -1.2351263056271977
11909,613.2508183966260731
11910,435.2344808605939193
11911,160.3869671002333348
11912,-185.4738897703501834
11913,188.6406559940112970
11914,-610.5603513173604142
11915, 23.7146571863995135
11916,-97.9046914045953969
11917,-120.6134540859718101
11918,353.0787173357873030
11919,-18.4428875052954950
11920,-120.2854689341742898
11921, 15.3929101038578757
11922,185.8069680477443057
11923,845.6527630055800273
11924,349.4593287705578746
11925, 45.8926372369664577
11926, -7.2379287510020944
11927,-164.7161708339601205
11928,107.2996369298591475
11929,-99.6000997811487281
11930, 48.6163692693033553
11931, 41.1997060437064917
11932,661.6732170958662209
11933,305.9589879497776792
11934,500.4110755868314300
11935,-231.1609921757441839
11936,334.1777324993186085
11937,-326.4023426632564906
11938,-574.1806195838032636
11939,148.5408727094511505
11940,613.9878825912874163
11941,184.5203674198838257
11942,-216.1004672587550601
11943,-616.0735283229867036
11944,127.4698406742709977
11945,-96.8815543927500897
11946,-167.7120378439441311
11947,-349.9469948861927264
11948,  6.6148671269271162
11949,543.2797064068854525
11950,-362.7810314683378010
11951,-330.0574194946648845
11952,347.0145487363168968
11953,526.4307732934465776
11954,-69.3425203045698169
11955,368.0894293247752103
11956,381.7237196417383984
11957,345.8528403280832890
11958,-204.6898131886205761
11959,157.8972183189640077
11960,-967.3833642179101844
11961,527.9548197579914586
11962,-338.8496057859543384
11963,609.1811386017548102
11964,381.1166205897981172
11965,-18.3515832402304468
11966,-92.2429183078307204
11967,-166.0868655161454512
11968,-173.9395994580621903
11969,-221.1373420431758063
11970,-228.3761224512859940
11971,198.0616068094596187
11972,-713.0064769343030093
11973,-89.6818647418334791
11974,-480.0045701677800025
11975,-271.7333959227004243
11976,565.3236399366711566
11977, 96.1114826323290998
11978,178.6133585696134105
11979,-61.1743324547055423
11980,-368.6916872400582292
11981,  4.8477465781777411
11982,414.4138213444011853
11983,-760.3183167930513946
11984, 84.9127153268609476
11985,-251.8473255202905818
11986,280.7075845895196267
11987,-391.2502782510766792
11988,608.4991171703741202
11989,-27.8084606072120053
11990,-123.4141192692554370
11991,-130.8292441940832020
11992, 18.5530688926024467
11993,-433.1653758772133642
11994,-303.7091261164649154
11995,464.7152549850787295
11996,496.4853344672780509
11997,-35.1354094157956425
11998,-131.6791845343875025
11999,417.2691546213340530
